timestamp,station_id,station_name,latitude,longitude,temperature_c,relative_humidity_pct,pressure_hpa,wind_speed_kmh,rainfall_mm,ground_truth_label,fault_description
2026-09-01 00:00:00,AWS_CHN_01,Guindy,13.0067,80.2021,23.26,100.0,1012.18,8.99,0.0,NORMAL,None
2026-09-01 00:00:00,AWS_CHN_02,Tambaram,12.9249,80.1,22.71,100.0,1011.78,8.62,0.0,NORMAL,None
2026-09-01 00:00:00,AWS_CHN_03,Adyar,13.0012,80.2565,23.05,100.0,1011.75,8.59,0.0,NORMAL,None
2026-09-01 01:00:00,AWS_CHN_01,Guindy,13.0067,80.2021,22.39,100.0,1011.25,6.04,0.0,NORMAL,None
2026-09-01 01:00:00,AWS_CHN_02,Tambaram,12.9249,80.1,21.49,100.0,1010.93,6.58,0.0,NORMAL,None
2026-09-01 01:00:00,AWS_CHN_03,Adyar,13.0012,80.2565,21.68,100.0,1011.08,7.02,0.0,NORMAL,None
2026-09-01 02:00:00,AWS_CHN_01,Guindy,13.0067,80.2021,22.34,100.0,1011.21,5.98,0.0,NORMAL,None
2026-09-01 02:00:00,AWS_CHN_02,Tambaram,12.9249,80.1,21.94,100.0,1011.14,5.84,0.0,NORMAL,None
2026-09-01 02:00:00,AWS_CHN_03,Adyar,13.0012,80.2565,21.7,100.0,1011.2,6.24,0.0,NORMAL,None
2026-09-01 03:00:00,AWS_CHN_01,Guindy,13.0067,80.2021,22.51,100.0,1010.82,6.22,0.0,NORMAL,None
2026-09-01 03:00:00,AWS_CHN_02,Tambaram,12.9249,80.1,21.97,100.0,1010.55,6.24,0.0,NORMAL,None
2026-09-01 03:00:00,AWS_CHN_03,Adyar,13.0012,80.2565,22.25,100.0,1010.5,5.58,0.0,NORMAL,None
2026-09-01 04:00:00,AWS_CHN_01,Guindy,13.0067,80.2021,23.5,100.0,1010.11,6.96,0.0,NORMAL,None
2026-09-01 04:00:00,AWS_CHN_02,Tambaram,12.9249,80.1,22.92,100.0,1009.62,6.75,0.0,NORMAL,None
2026-09-01 04:00:00,AWS_CHN_03,Adyar,13.0012,80.2565,23.15,100.0,1009.99,5.91,0.0,NORMAL,None
2026-09-01 05:00:00,AWS_CHN_01,Guindy,13.0067,80.2021,23.81,100.0,1010.12,5.98,0.0,NORMAL,None
2026-09-01 05:00:00,AWS_CHN_02,Tambaram,12.9249,80.1,23.36,100.0,1009.84,6.17,0.0,NORMAL,None
2026-09-01 05:00:00,AWS_CHN_03,Adyar,13.0012,80.2565,23.53,100.0,1009.89,5.44,0.0,NORMAL,None
2026-09-01 06:00:00,AWS_CHN_01,Guindy,13.0067,80.2021,25.14,96.55,1009.07,6.18,0.0,NORMAL,None
2026-09-01 06:00:00,AWS_CHN_02,Tambaram,12.9249,80.1,24.89,99.46,1009.09,6.47,0.0,NORMAL,None
2026-09-01 06:00:00,AWS_CHN_03,Adyar,13.0012,80.2565,25.17,97.72,1008.81,6.41,0.0,NORMAL,None
2026-09-01 07:00:00,AWS_CHN_01,Guindy,13.0067,80.2021,26.76,92.35,1008.74,7.55,0.0,NORMAL,None
2026-09-01 07:00:00,AWS_CHN_02,Tambaram,12.9249,80.1,26.43,94.98,1008.57,6.9,0.0,NORMAL,None
2026-09-01 07:00:00,AWS_CHN_03,Adyar,13.0012,80.2565,26.59,95.03,1008.43,7.15,0.0,NORMAL,None
2026-09-01 08:00:00,AWS_CHN_01,Guindy,13.0067,80.2021,28.13,83.73,1007.81,8.5,0.0,NORMAL,None
2026-09-01 08:00:00,AWS_CHN_02,Tambaram,12.9249,80.1,27.68,85.84,1007.78,7.67,0.0,NORMAL,None
2026-09-01 08:00:00,AWS_CHN_03,Adyar,13.0012,80.2565,28.09,85.15,1007.64,8.09,0.0,NORMAL,None
2026-09-01 09:00:00,AWS_CHN_01,Guindy,13.0067,80.2021,30.06,78.46,1007.82,8.41,0.0,NORMAL,None
2026-09-01 09:00:00,AWS_CHN_02,Tambaram,12.9249,80.1,29.32,80.93,1007.63,8.09,0.0,NORMAL,None
2026-09-01 09:00:00,AWS_CHN_03,Adyar,13.0012,80.2565,30.03,79.55,1007.58,8.5,0.0,NORMAL,None
2026-09-01 10:00:00,AWS_CHN_01,Guindy,13.0067,80.2021,31.1,72.49,1008.53,10.16,0.0,NORMAL,None
2026-09-01 10:00:00,AWS_CHN_02,Tambaram,12.9249,80.1,30.36,74.41,1008.16,9.34,0.0,NORMAL,None
2026-09-01 10:00:00,AWS_CHN_03,Adyar,13.0012,80.2565,30.59,73.46,1008.38,9.84,0.0,NORMAL,None
2026-09-01 11:00:00,AWS_CHN_01,Guindy,13.0067,80.2021,32.67,67.35,1007.98,12.54,0.0,NORMAL,None
2026-09-01 11:00:00,AWS_CHN_02,Tambaram,12.9249,80.1,32.0,70.63,1007.94,12.37,0.0,NORMAL,None
2026-09-01 11:00:00,AWS_CHN_03,Adyar,13.0012,80.2565,32.08,68.02,1007.94,12.65,0.0,NORMAL,None
2026-09-01 12:00:00,AWS_CHN_01,Guindy,13.0067,80.2021,33.41,61.18,1008.43,11.85,0.0,NORMAL,None
2026-09-01 12:00:00,AWS_CHN_02,Tambaram,12.9249,80.1,33.15,63.88,1008.33,12.51,0.0,NORMAL,None
2026-09-01 12:00:00,AWS_CHN_03,Adyar,13.0012,80.2565,33.01,61.63,1008.37,12.35,0.0,NORMAL,None
2026-09-01 13:00:00,AWS_CHN_01,Guindy,13.0067,80.2021,34.49,64.03,1008.83,13.62,0.0,NORMAL,None
2026-09-01 13:00:00,AWS_CHN_02,Tambaram,12.9249,80.1,33.65,66.09,1008.61,13.42,0.0,NORMAL,None
2026-09-01 13:00:00,AWS_CHN_03,Adyar,13.0012,80.2565,34.46,63.77,1008.83,12.91,0.0,NORMAL,None
2026-09-01 14:00:00,AWS_CHN_01,Guindy,13.0067,80.2021,33.97,60.43,1009.05,12.99,0.0,NORMAL,None
2026-09-01 14:00:00,AWS_CHN_02,Tambaram,12.9249,80.1,33.62,62.26,1009.13,13.12,0.0,NORMAL,None
2026-09-01 14:00:00,AWS_CHN_03,Adyar,13.0012,80.2565,33.41,61.18,1008.95,13.18,0.0,NORMAL,None
2026-09-01 15:00:00,AWS_CHN_01,Guindy,13.0067,80.2021,33.54,59.57,1009.69,14.1,0.0,NORMAL,None
2026-09-01 15:00:00,AWS_CHN_02,Tambaram,12.9249,80.1,33.63,62.44,1009.41,14.57,0.0,NORMAL,None
2026-09-01 15:00:00,AWS_CHN_03,Adyar,13.0012,80.2565,33.9,61.25,1009.48,14.15,0.0,NORMAL,None
2026-09-01 16:00:00,AWS_CHN_01,Guindy,13.0067,80.2021,33.82,61.61,1009.91,14.08,0.0,NORMAL,None
2026-09-01 16:00:00,AWS_CHN_02,Tambaram,12.9249,80.1,33.45,63.52,1010.2,13.96,0.0,NORMAL,None
2026-09-01 16:00:00,AWS_CHN_03,Adyar,13.0012,80.2565,33.61,62.71,1010.28,13.96,0.0,NORMAL,None
2026-09-01 17:00:00,AWS_CHN_01,Guindy,13.0067,80.2021,33.05,66.03,1010.33,13.98,0.0,NORMAL,None
2026-09-01 17:00:00,AWS_CHN_02,Tambaram,12.9249,80.1,32.53,69.16,1010.28,13.72,0.0,NORMAL,None
2026-09-01 17:00:00,AWS_CHN_03,Adyar,13.0012,80.2565,33.13,66.36,1010.21,14.27,0.0,NORMAL,None
2026-09-01 18:00:00,AWS_CHN_01,Guindy,13.0067,80.2021,31.29,71.3,1011.07,13.01,0.0,NORMAL,None
2026-09-01 18:00:00,AWS_CHN_02,Tambaram,12.9249,80.1,31.09,73.53,1010.92,13.41,0.0,NORMAL,None
2026-09-01 18:00:00,AWS_CHN_03,Adyar,13.0012,80.2565,30.95,71.6,1011.01,13.4,0.0,NORMAL,None
2026-09-01 19:00:00,AWS_CHN_01,Guindy,13.0067,80.2021,29.95,77.55,1011.88,12.86,0.0,NORMAL,None
2026-09-01 19:00:00,AWS_CHN_02,Tambaram,12.9249,80.1,29.51,80.55,1011.83,12.54,0.0,NORMAL,None
2026-09-01 19:00:00,AWS_CHN_03,Adyar,13.0012,80.2565,29.68,78.49,1011.83,12.49,0.0,NORMAL,None
2026-09-01 20:00:00,AWS_CHN_01,Guindy,13.0067,80.2021,28.14,83.99,1011.7,13.28,0.0,NORMAL,None
2026-09-01 20:00:00,AWS_CHN_02,Tambaram,12.9249,80.1,27.96,87.41,1011.39,12.78,0.0,NORMAL,None
2026-09-01 20:00:00,AWS_CHN_03,Adyar,13.0012,80.2565,28.05,85.26,1011.58,13.0,0.0,NORMAL,None
2026-09-01 21:00:00,AWS_CHN_01,Guindy,13.0067,80.2021,26.25,90.27,1012.18,10.6,0.0,NORMAL,None
2026-09-01 21:00:00,AWS_CHN_02,Tambaram,12.9249,80.1,25.82,92.77,1011.81,10.33,0.0,NORMAL,None
2026-09-01 21:00:00,AWS_CHN_03,Adyar,13.0012,80.2565,25.97,91.04,1012.09,11.2,0.0,NORMAL,None
2026-09-01 22:00:00,AWS_CHN_01,Guindy,13.0067,80.2021,25.64,96.2,1012.13,9.25,0.0,NORMAL,None
2026-09-01 22:00:00,AWS_CHN_02,Tambaram,12.9249,80.1,25.25,99.61,1011.88,9.62,0.0,NORMAL,None
2026-09-01 22:00:00,AWS_CHN_03,Adyar,13.0012,80.2565,25.48,97.14,1012.02,9.5,0.0,NORMAL,None
2026-09-01 23:00:00,AWS_CHN_01,Guindy,13.0067,80.2021,24.39,100.0,1012.25,8.98,0.0,NORMAL,None
2026-09-01 23:00:00,AWS_CHN_02,Tambaram,12.9249,80.1,23.77,100.0,1012.06,8.97,0.0,NORMAL,None
2026-09-01 23:00:00,AWS_CHN_03,Adyar,13.0012,80.2565,23.63,100.0,1011.73,9.06,0.0,NORMAL,None
2026-09-02 00:00:00,AWS_CHN_01,Guindy,13.0067,80.2021,22.99,100.0,1011.84,9.09,0.0,NORMAL,None
2026-09-02 00:00:00,AWS_CHN_02,Tambaram,12.9249,80.1,22.04,100.0,1011.85,8.8,0.0,NORMAL,None
2026-09-02 00:00:00,AWS_CHN_03,Adyar,13.0012,80.2565,22.16,100.0,1011.82,9.31,0.0,NORMAL,None
2026-09-02 01:00:00,AWS_CHN_01,Guindy,13.0067,80.2021,21.78,100.0,1011.41,7.15,0.0,NORMAL,None
2026-09-02 01:00:00,AWS_CHN_02,Tambaram,12.9249,80.1,21.39,100.0,1011.39,6.86,0.0,NORMAL,None
2026-09-02 01:00:00,AWS_CHN_03,Adyar,13.0012,80.2565,21.26,100.0,1011.45,6.97,0.0,NORMAL,None
2026-09-02 02:00:00,AWS_CHN_01,Guindy,13.0067,80.2021,23.33,100.0,1011.43,6.86,0.0,NORMAL,None
2026-09-02 02:00:00,AWS_CHN_02,Tambaram,12.9249,80.1,22.55,100.0,1011.16,6.78,0.0,NORMAL,None
2026-09-02 02:00:00,AWS_CHN_03,Adyar,13.0012,80.2565,22.83,100.0,1011.24,5.96,0.0,NORMAL,None
2026-09-02 03:00:00,AWS_CHN_01,Guindy,13.0067,80.2021,22.72,100.0,1010.9,6.16,0.0,NORMAL,None
2026-09-02 03:00:00,AWS_CHN_02,Tambaram,12.9249,80.1,21.97,100.0,1010.66,6.15,0.0,NORMAL,None
2026-09-02 03:00:00,AWS_CHN_03,Adyar,13.0012,80.2565,21.84,100.0,1011.01,5.89,0.0,NORMAL,None
2026-09-02 04:00:00,AWS_CHN_01,Guindy,13.0067,80.2021,22.7,100.0,1010.03,6.24,0.0,NORMAL,None
2026-09-02 04:00:00,AWS_CHN_02,Tambaram,12.9249,80.1,22.38,100.0,1009.83,6.12,0.0,NORMAL,None
2026-09-02 04:00:00,AWS_CHN_03,Adyar,13.0012,80.2565,22.99,100.0,1009.91,6.54,0.0,NORMAL,None
2026-09-02 05:00:00,AWS_CHN_01,Guindy,13.0067,80.2021,23.91,100.0,1009.74,5.82,0.0,NORMAL,None
2026-09-02 05:00:00,AWS_CHN_02,Tambaram,12.9249,80.1,23.21,100.0,1009.73,6.44,0.0,NORMAL,None
2026-09-02 05:00:00,AWS_CHN_03,Adyar,13.0012,80.2565,23.83,100.0,1009.97,6.85,0.0,NORMAL,None
2026-09-02 06:00:00,AWS_CHN_01,Guindy,13.0067,80.2021,25.1,94.83,1008.55,6.31,0.0,NORMAL,None
2026-09-02 06:00:00,AWS_CHN_02,Tambaram,12.9249,80.1,25.09,98.49,1008.42,7.08,0.0,NORMAL,None
2026-09-02 06:00:00,AWS_CHN_03,Adyar,13.0012,80.2565,24.96,96.11,1008.67,6.8,0.0,NORMAL,None
2026-09-02 07:00:00,AWS_CHN_01,Guindy,13.0067,80.2021,26.52,91.23,1008.28,6.65,0.0,NORMAL,None
2026-09-02 07:00:00,AWS_CHN_02,Tambaram,12.9249,80.1,25.7,92.54,1008.16,6.22,0.0,NORMAL,None
2026-09-02 07:00:00,AWS_CHN_03,Adyar,13.0012,80.2565,26.04,90.86,1008.35,6.47,0.0,NORMAL,None
2026-09-02 08:00:00,AWS_CHN_01,Guindy,13.0067,80.2021,28.3,82.6,1008.2,8.6,0.0,NORMAL,None
2026-09-02 08:00:00,AWS_CHN_02,Tambaram,12.9249,80.1,27.37,85.86,1007.93,8.55,0.0,NORMAL,None
2026-09-02 08:00:00,AWS_CHN_03,Adyar,13.0012,80.2565,27.75,83.19,1007.93,8.39,0.0,NORMAL,None
2026-09-02 09:00:00,AWS_CHN_01,Guindy,13.0067,80.2021,29.94,76.02,1008.29,8.15,0.0,NORMAL,None
2026-09-02 09:00:00,AWS_CHN_02,Tambaram,12.9249,80.1,29.28,78.93,1008.26,7.96,0.0,NORMAL,None
2026-09-02 09:00:00,AWS_CHN_03,Adyar,13.0012,80.2565,29.82,77.06,1008.31,8.57,0.0,NORMAL,None
2026-09-02 10:00:00,AWS_CHN_01,Guindy,13.0067,80.2021,30.39,70.4,1008.28,9.85,0.0,SENSOR_FAULT,Temperature Sensor Drift / Calibration Loss
2026-09-02 10:00:00,AWS_CHN_02,Tambaram,12.9249,80.1,30.04,73.33,1008.11,9.77,0.0,NORMAL,None
2026-09-02 10:00:00,AWS_CHN_03,Adyar,13.0012,80.2565,29.91,71.49,1008.21,9.77,0.0,NORMAL,None
2026-09-02 11:00:00,AWS_CHN_01,Guindy,13.0067,80.2021,33.7,68.19,1008.23,10.57,0.0,SENSOR_FAULT,Temperature Sensor Drift / Calibration Loss
2026-09-02 11:00:00,AWS_CHN_02,Tambaram,12.9249,80.1,31.78,70.72,1008.23,11.38,0.0,NORMAL,None
2026-09-02 11:00:00,AWS_CHN_03,Adyar,13.0012,80.2565,32.42,69.29,1008.41,10.21,0.0,NORMAL,None
2026-09-02 12:00:00,AWS_CHN_01,Guindy,13.0067,80.2021,35.26,62.91,1007.99,13.25,0.0,SENSOR_FAULT,Temperature Sensor Drift / Calibration Loss
2026-09-02 12:00:00,AWS_CHN_02,Tambaram,12.9249,80.1,33.13,65.74,1007.68,12.32,0.0,NORMAL,None
2026-09-02 12:00:00,AWS_CHN_03,Adyar,13.0012,80.2565,33.46,63.69,1007.83,12.43,0.0,NORMAL,None
2026-09-02 13:00:00,AWS_CHN_01,Guindy,13.0067,80.2021,36.63,59.7,1008.95,12.69,0.0,SENSOR_FAULT,Temperature Sensor Drift / Calibration Loss
2026-09-02 13:00:00,AWS_CHN_02,Tambaram,12.9249,80.1,33.94,62.22,1008.88,12.98,0.0,NORMAL,None
2026-09-02 13:00:00,AWS_CHN_03,Adyar,13.0012,80.2565,34.07,62.12,1008.82,12.2,0.0,NORMAL,None
2026-09-02 14:00:00,AWS_CHN_01,Guindy,13.0067,80.2021,36.84,59.93,1009.54,13.48,0.0,SENSOR_FAULT,Temperature Sensor Drift / Calibration Loss
2026-09-02 14:00:00,AWS_CHN_02,Tambaram,12.9249,80.1,33.11,63.36,1009.14,13.5,0.0,NORMAL,None
2026-09-02 14:00:00,AWS_CHN_03,Adyar,13.0012,80.2565,33.13,61.73,1009.38,13.84,0.0,NORMAL,None
2026-09-02 15:00:00,AWS_CHN_01,Guindy,13.0067,80.2021,38.74,59.89,1009.12,14.26,0.0,SENSOR_FAULT,Temperature Sensor Drift / Calibration Loss
2026-09-02 15:00:00,AWS_CHN_02,Tambaram,12.9249,80.1,34.2,61.63,1008.98,13.3,0.0,NORMAL,None
2026-09-02 15:00:00,AWS_CHN_03,Adyar,13.0012,80.2565,34.6,60.38,1009.06,13.41,0.0,NORMAL,None
2026-09-02 16:00:00,AWS_CHN_01,Guindy,13.0067,80.2021,38.11,63.88,1009.75,13.23,0.0,SENSOR_FAULT,Temperature Sensor Drift / Calibration Loss
2026-09-02 16:00:00,AWS_CHN_02,Tambaram,12.9249,80.1,32.82,66.87,1010.01,13.59,0.0,NORMAL,None
2026-09-02 16:00:00,AWS_CHN_03,Adyar,13.0012,80.2565,33.01,64.47,1010.18,13.27,0.0,NORMAL,None
2026-09-02 17:00:00,AWS_CHN_01,Guindy,13.0067,80.2021,38.03,66.02,1010.67,13.63,0.0,SENSOR_FAULT,Temperature Sensor Drift / Calibration Loss
2026-09-02 17:00:00,AWS_CHN_02,Tambaram,12.9249,80.1,31.91,68.85,1010.45,14.24,0.0,NORMAL,None
2026-09-02 17:00:00,AWS_CHN_03,Adyar,13.0012,80.2565,31.72,67.84,1010.7,13.17,0.0,NORMAL,None
2026-09-02 18:00:00,AWS_CHN_01,Guindy,13.0067,80.2021,37.34,72.0,1010.77,13.46,0.0,SENSOR_FAULT,Temperature Sensor Drift / Calibration Loss
2026-09-02 18:00:00,AWS_CHN_02,Tambaram,12.9249,80.1,30.81,73.06,1010.43,13.22,0.0,NORMAL,None
2026-09-02 18:00:00,AWS_CHN_03,Adyar,13.0012,80.2565,30.62,72.49,1010.55,12.96,0.0,NORMAL,None
2026-09-02 19:00:00,AWS_CHN_01,Guindy,13.0067,80.2021,37.12,78.28,1011.47,13.32,0.0,SENSOR_FAULT,Temperature Sensor Drift / Calibration Loss
2026-09-02 19:00:00,AWS_CHN_02,Tambaram,12.9249,80.1,29.7,79.85,1011.3,13.35,0.0,NORMAL,None
2026-09-02 19:00:00,AWS_CHN_03,Adyar,13.0012,80.2565,29.73,79.5,1011.24,12.99,0.0,NORMAL,None
2026-09-02 20:00:00,AWS_CHN_01,Guindy,13.0067,80.2021,35.26,85.45,1011.47,12.85,0.0,SENSOR_FAULT,Temperature Sensor Drift / Calibration Loss
2026-09-02 20:00:00,AWS_CHN_02,Tambaram,12.9249,80.1,27.07,87.31,1011.24,13.21,0.0,NORMAL,None
2026-09-02 20:00:00,AWS_CHN_03,Adyar,13.0012,80.2565,27.4,85.68,1011.31,12.86,0.0,NORMAL,None
2026-09-02 21:00:00,AWS_CHN_01,Guindy,13.0067,80.2021,35.7,88.67,1011.63,11.51,0.0,SENSOR_FAULT,Temperature Sensor Drift / Calibration Loss
2026-09-02 21:00:00,AWS_CHN_02,Tambaram,12.9249,80.1,26.26,90.87,1011.45,11.11,0.0,NORMAL,None
2026-09-02 21:00:00,AWS_CHN_03,Adyar,13.0012,80.2565,26.65,88.91,1011.63,11.55,0.0,NORMAL,None
2026-09-02 22:00:00,AWS_CHN_01,Guindy,13.0067,80.2021,34.63,96.84,1012.54,10.52,0.0,SENSOR_FAULT,Temperature Sensor Drift / Calibration Loss
2026-09-02 22:00:00,AWS_CHN_02,Tambaram,12.9249,80.1,25.01,99.62,1012.42,10.28,0.0,NORMAL,None
2026-09-02 22:00:00,AWS_CHN_03,Adyar,13.0012,80.2565,24.98,97.78,1012.41,10.1,0.0,NORMAL,None
2026-09-02 23:00:00,AWS_CHN_01,Guindy,13.0067,80.2021,23.77,100.0,1011.66,10.49,0.0,NORMAL,None
2026-09-02 23:00:00,AWS_CHN_02,Tambaram,12.9249,80.1,23.05,100.0,1011.8,10.25,0.0,NORMAL,None
2026-09-02 23:00:00,AWS_CHN_03,Adyar,13.0012,80.2565,23.6,100.0,1011.64,10.81,0.0,NORMAL,None
2026-09-03 00:00:00,AWS_CHN_01,Guindy,13.0067,80.2021,22.98,100.0,1012.11,7.25,0.0,NORMAL,None
2026-09-03 00:00:00,AWS_CHN_02,Tambaram,12.9249,80.1,22.21,100.0,1011.84,7.9,0.0,NORMAL,None
2026-09-03 00:00:00,AWS_CHN_03,Adyar,13.0012,80.2565,22.59,100.0,1011.98,7.9,0.0,NORMAL,None
2026-09-03 01:00:00,AWS_CHN_01,Guindy,13.0067,80.2021,22.71,100.0,1011.81,7.46,0.0,NORMAL,None
2026-09-03 01:00:00,AWS_CHN_02,Tambaram,12.9249,80.1,22.28,100.0,1011.46,7.72,0.0,NORMAL,None
2026-09-03 01:00:00,AWS_CHN_03,Adyar,13.0012,80.2565,22.42,100.0,1011.67,7.41,0.0,NORMAL,None
2026-09-03 02:00:00,AWS_CHN_01,Guindy,13.0067,80.2021,22.59,100.0,1011.15,6.16,0.0,NORMAL,None
2026-09-03 02:00:00,AWS_CHN_02,Tambaram,12.9249,80.1,22.43,100.0,1010.91,6.17,0.0,NORMAL,None
2026-09-03 02:00:00,AWS_CHN_03,Adyar,13.0012,80.2565,22.66,100.0,1011.13,5.86,0.0,NORMAL,None
2026-09-03 03:00:00,AWS_CHN_01,Guindy,13.0067,80.2021,22.51,100.0,1010.87,6.56,0.0,NORMAL,None
2026-09-03 03:00:00,AWS_CHN_02,Tambaram,12.9249,80.1,22.02,100.0,1010.6,6.51,0.0,NORMAL,None
2026-09-03 03:00:00,AWS_CHN_03,Adyar,13.0012,80.2565,22.23,100.0,1010.41,6.39,0.0,NORMAL,None
2026-09-03 04:00:00,AWS_CHN_01,Guindy,13.0067,80.2021,23.01,100.0,1010.19,6.05,0.0,NORMAL,None
2026-09-03 04:00:00,AWS_CHN_02,Tambaram,12.9249,80.1,22.19,100.0,1009.78,6.23,0.0,NORMAL,None
2026-09-03 04:00:00,AWS_CHN_03,Adyar,13.0012,80.2565,22.44,100.0,1010.02,6.85,0.0,NORMAL,None
2026-09-03 05:00:00,AWS_CHN_01,Guindy,13.0067,80.2021,23.67,100.0,1009.54,5.69,0.0,NORMAL,None
2026-09-03 05:00:00,AWS_CHN_02,Tambaram,12.9249,80.1,23.14,100.0,1009.14,6.05,0.0,NORMAL,None
2026-09-03 05:00:00,AWS_CHN_03,Adyar,13.0012,80.2565,23.54,100.0,1009.45,6.4,0.0,NORMAL,None
2026-09-03 06:00:00,AWS_CHN_01,Guindy,13.0067,80.2021,25.19,97.12,1009.17,6.46,0.0,NORMAL,None
2026-09-03 06:00:00,AWS_CHN_02,Tambaram,12.9249,80.1,24.28,98.25,1008.98,7.24,0.0,NORMAL,None
2026-09-03 06:00:00,AWS_CHN_03,Adyar,13.0012,80.2565,24.65,97.22,1009.08,7.06,0.0,NORMAL,None
2026-09-03 07:00:00,AWS_CHN_01,Guindy,13.0067,80.2021,27.89,90.86,1008.6,7.59,0.0,NORMAL,None
2026-09-03 07:00:00,AWS_CHN_02,Tambaram,12.9249,80.1,27.38,92.99,1008.42,7.85,0.0,NORMAL,None
2026-09-03 07:00:00,AWS_CHN_03,Adyar,13.0012,80.2565,27.67,91.52,1008.58,7.89,0.0,NORMAL,None
2026-09-03 08:00:00,AWS_CHN_01,Guindy,13.0067,80.2021,28.31,83.95,1008.73,7.98,0.0,NORMAL,None
2026-09-03 08:00:00,AWS_CHN_02,Tambaram,12.9249,80.1,27.77,62.4,1008.39,7.82,0.0,SENSOR_FAULT,Humidity Sensor Freeze (Zero variance)
2026-09-03 08:00:00,AWS_CHN_03,Adyar,13.0012,80.2565,28.06,86.23,1008.6,7.66,0.0,NORMAL,None
2026-09-03 09:00:00,AWS_CHN_01,Guindy,13.0067,80.2021,30.07,79.2,1008.09,9.16,0.0,NORMAL,None
2026-09-03 09:00:00,AWS_CHN_02,Tambaram,12.9249,80.1,29.67,62.4,1007.95,8.89,0.0,SENSOR_FAULT,Humidity Sensor Freeze (Zero variance)
2026-09-03 09:00:00,AWS_CHN_03,Adyar,13.0012,80.2565,29.89,79.35,1007.98,9.22,0.0,NORMAL,None
2026-09-03 10:00:00,AWS_CHN_01,Guindy,13.0067,80.2021,31.64,70.33,1007.98,10.79,0.0,NORMAL,None
2026-09-03 10:00:00,AWS_CHN_02,Tambaram,12.9249,80.1,31.22,62.4,1007.76,10.77,0.0,SENSOR_FAULT,Humidity Sensor Freeze (Zero variance)
2026-09-03 10:00:00,AWS_CHN_03,Adyar,13.0012,80.2565,31.37,72.87,1007.9,10.91,0.0,NORMAL,None
2026-09-03 11:00:00,AWS_CHN_01,Guindy,13.0067,80.2021,33.27,65.37,1007.69,10.79,0.0,NORMAL,None
2026-09-03 11:00:00,AWS_CHN_02,Tambaram,12.9249,80.1,32.53,62.4,1007.5,11.02,0.0,SENSOR_FAULT,Humidity Sensor Freeze (Zero variance)
2026-09-03 11:00:00,AWS_CHN_03,Adyar,13.0012,80.2565,33.05,66.48,1007.67,10.82,0.0,NORMAL,None
2026-09-03 12:00:00,AWS_CHN_01,Guindy,13.0067,80.2021,33.74,64.4,1008.36,12.89,0.0,NORMAL,None
2026-09-03 12:00:00,AWS_CHN_02,Tambaram,12.9249,80.1,33.25,62.4,1008.24,12.15,0.0,SENSOR_FAULT,Humidity Sensor Freeze (Zero variance)
2026-09-03 12:00:00,AWS_CHN_03,Adyar,13.0012,80.2565,33.62,64.35,1008.28,11.79,0.0,NORMAL,None
2026-09-03 13:00:00,AWS_CHN_01,Guindy,13.0067,80.2021,34.07,57.64,1008.11,13.19,0.0,NORMAL,None
2026-09-03 13:00:00,AWS_CHN_02,Tambaram,12.9249,80.1,33.41,62.4,1008.16,13.47,0.0,SENSOR_FAULT,Humidity Sensor Freeze (Zero variance)
2026-09-03 13:00:00,AWS_CHN_03,Adyar,13.0012,80.2565,33.57,58.44,1008.13,12.6,0.0,NORMAL,None
2026-09-03 14:00:00,AWS_CHN_01,Guindy,13.0067,80.2021,34.56,58.64,1008.74,13.5,0.0,NORMAL,None
2026-09-03 14:00:00,AWS_CHN_02,Tambaram,12.9249,80.1,33.98,62.4,1008.61,13.13,0.0,SENSOR_FAULT,Humidity Sensor Freeze (Zero variance)
2026-09-03 14:00:00,AWS_CHN_03,Adyar,13.0012,80.2565,34.04,59.51,1008.79,13.51,0.0,NORMAL,None
2026-09-03 15:00:00,AWS_CHN_01,Guindy,13.0067,80.2021,34.93,58.97,1010.15,14.02,0.0,NORMAL,None
2026-09-03 15:00:00,AWS_CHN_02,Tambaram,12.9249,80.1,33.89,62.4,1009.75,14.09,0.0,SENSOR_FAULT,Humidity Sensor Freeze (Zero variance)
2026-09-03 15:00:00,AWS_CHN_03,Adyar,13.0012,80.2565,34.32,60.03,1009.88,14.61,0.0,NORMAL,None
2026-09-03 16:00:00,AWS_CHN_01,Guindy,13.0067,80.2021,34.31,62.27,1010.09,13.56,0.0,NORMAL,None
2026-09-03 16:00:00,AWS_CHN_02,Tambaram,12.9249,80.1,33.77,62.4,1009.86,14.53,0.0,SENSOR_FAULT,Humidity Sensor Freeze (Zero variance)
2026-09-03 16:00:00,AWS_CHN_03,Adyar,13.0012,80.2565,33.64,63.05,1010.03,14.37,0.0,NORMAL,None
2026-09-03 17:00:00,AWS_CHN_01,Guindy,13.0067,80.2021,33.18,66.31,1011.01,13.37,0.0,NORMAL,None
2026-09-03 17:00:00,AWS_CHN_02,Tambaram,12.9249,80.1,33.01,62.4,1010.68,13.96,0.0,SENSOR_FAULT,Humidity Sensor Freeze (Zero variance)
2026-09-03 17:00:00,AWS_CHN_03,Adyar,13.0012,80.2565,33.02,66.99,1010.79,13.64,0.0,NORMAL,None
2026-09-03 18:00:00,AWS_CHN_01,Guindy,13.0067,80.2021,31.44,71.25,1011.38,12.76,0.0,NORMAL,None
2026-09-03 18:00:00,AWS_CHN_02,Tambaram,12.9249,80.1,30.72,62.4,1010.93,13.63,0.0,SENSOR_FAULT,Humidity Sensor Freeze (Zero variance)
2026-09-03 18:00:00,AWS_CHN_03,Adyar,13.0012,80.2565,30.9,73.85,1011.16,13.42,0.0,NORMAL,None
2026-09-03 19:00:00,AWS_CHN_01,Guindy,13.0067,80.2021,29.57,76.03,1011.96,12.84,0.0,NORMAL,None
2026-09-03 19:00:00,AWS_CHN_02,Tambaram,12.9249,80.1,29.31,78.57,1011.58,13.2,0.0,NORMAL,None
2026-09-03 19:00:00,AWS_CHN_03,Adyar,13.0012,80.2565,29.66,77.46,1011.82,12.65,0.0,NORMAL,None
2026-09-03 20:00:00,AWS_CHN_01,Guindy,13.0067,80.2021,28.34,83.83,1011.88,11.96,0.0,NORMAL,None
2026-09-03 20:00:00,AWS_CHN_02,Tambaram,12.9249,80.1,27.71,85.3,1011.7,12.09,0.0,NORMAL,None
2026-09-03 20:00:00,AWS_CHN_03,Adyar,13.0012,80.2565,28.1,83.36,1011.92,11.94,0.0,NORMAL,None
2026-09-03 21:00:00,AWS_CHN_01,Guindy,13.0067,80.2021,27.07,90.39,1012.2,10.57,0.0,NORMAL,None
2026-09-03 21:00:00,AWS_CHN_02,Tambaram,12.9249,80.1,26.86,92.18,1012.03,10.62,0.0,NORMAL,None
2026-09-03 21:00:00,AWS_CHN_03,Adyar,13.0012,80.2565,27.37,90.4,1012.14,10.82,0.0,NORMAL,None
2026-09-03 22:00:00,AWS_CHN_01,Guindy,13.0067,80.2021,26.07,97.11,1012.32,9.2,0.0,NORMAL,None
2026-09-03 22:00:00,AWS_CHN_02,Tambaram,12.9249,80.1,25.23,100.0,1012.12,9.56,0.0,NORMAL,None
2026-09-03 22:00:00,AWS_CHN_03,Adyar,13.0012,80.2565,25.76,98.91,1012.17,9.72,0.0,NORMAL,None
2026-09-03 23:00:00,AWS_CHN_01,Guindy,13.0067,80.2021,24.47,100.0,1012.2,9.35,0.0,NORMAL,None
2026-09-03 23:00:00,AWS_CHN_02,Tambaram,12.9249,80.1,24.0,100.0,1011.9,8.88,0.0,NORMAL,None
2026-09-03 23:00:00,AWS_CHN_03,Adyar,13.0012,80.2565,24.55,100.0,1012.01,8.67,0.0,NORMAL,None
2026-09-04 00:00:00,AWS_CHN_01,Guindy,13.0067,80.2021,22.71,100.0,1012.42,8.41,0.0,NORMAL,None
2026-09-04 00:00:00,AWS_CHN_02,Tambaram,12.9249,80.1,21.85,100.0,1011.99,8.01,0.0,NORMAL,None
2026-09-04 00:00:00,AWS_CHN_03,Adyar,13.0012,80.2565,22.75,100.0,1012.36,8.67,0.0,NORMAL,None
2026-09-04 01:00:00,AWS_CHN_01,Guindy,13.0067,80.2021,22.76,100.0,1011.67,7.23,0.0,NORMAL,None
2026-09-04 01:00:00,AWS_CHN_02,Tambaram,12.9249,80.1,21.9,100.0,1011.44,6.98,0.0,NORMAL,None
2026-09-04 01:00:00,AWS_CHN_03,Adyar,13.0012,80.2565,22.48,100.0,1011.73,6.84,0.0,NORMAL,None
2026-09-04 02:00:00,AWS_CHN_01,Guindy,13.0067,80.2021,22.01,100.0,1010.82,6.02,0.0,NORMAL,None
2026-09-04 02:00:00,AWS_CHN_02,Tambaram,12.9249,80.1,21.28,100.0,1010.45,6.56,0.0,NORMAL,None
2026-09-04 02:00:00,AWS_CHN_03,Adyar,13.0012,80.2565,21.6,100.0,1010.73,6.83,0.0,NORMAL,None
2026-09-04 03:00:00,AWS_CHN_01,Guindy,13.0067,80.2021,22.56,100.0,1010.58,6.21,0.0,NORMAL,None
2026-09-04 03:00:00,AWS_CHN_02,Tambaram,12.9249,80.1,21.77,100.0,1010.33,6.2,0.0,NORMAL,None
2026-09-04 03:00:00,AWS_CHN_03,Adyar,13.0012,80.2565,22.11,100.0,1010.52,6.78,0.0,NORMAL,None
2026-09-04 04:00:00,AWS_CHN_01,Guindy,13.0067,80.2021,22.6,100.0,1009.91,7.2,0.0,NORMAL,None
2026-09-04 04:00:00,AWS_CHN_02,Tambaram,12.9249,80.1,22.3,100.0,1009.65,7.03,0.0,NORMAL,None
2026-09-04 04:00:00,AWS_CHN_03,Adyar,13.0012,80.2565,22.73,100.0,1009.69,6.66,0.0,NORMAL,None
2026-09-04 05:00:00,AWS_CHN_01,Guindy,13.0067,80.2021,24.36,100.0,1009.4,7.44,0.0,NORMAL,None
2026-09-04 05:00:00,AWS_CHN_02,Tambaram,12.9249,80.1,23.45,100.0,1009.08,6.65,0.0,NORMAL,None
2026-09-04 05:00:00,AWS_CHN_03,Adyar,13.0012,80.2565,23.59,100.0,1009.24,6.72,0.0,NORMAL,None
2026-09-04 06:00:00,AWS_CHN_01,Guindy,13.0067,80.2021,24.99,95.13,1009.32,6.59,0.0,NORMAL,None
2026-09-04 06:00:00,AWS_CHN_02,Tambaram,12.9249,80.1,25.23,97.65,1008.93,6.94,0.0,NORMAL,None
2026-09-04 06:00:00,AWS_CHN_03,Adyar,13.0012,80.2565,25.21,95.98,1009.15,6.68,0.0,NORMAL,None
2026-09-04 07:00:00,AWS_CHN_01,Guindy,13.0067,80.2021,26.67,89.67,1008.76,6.9,0.0,NORMAL,None
2026-09-04 07:00:00,AWS_CHN_02,Tambaram,12.9249,80.1,26.1,91.4,1008.57,6.76,0.0,NORMAL,None
2026-09-04 07:00:00,AWS_CHN_03,Adyar,13.0012,80.2565,26.98,90.25,1008.57,6.63,0.0,NORMAL,None
2026-09-04 08:00:00,AWS_CHN_01,Guindy,13.0067,80.2021,28.2,83.18,1008.4,8.63,0.0,NORMAL,None
2026-09-04 08:00:00,AWS_CHN_02,Tambaram,12.9249,80.1,27.63,85.27,1008.42,9.23,0.0,NORMAL,None
2026-09-04 08:00:00,AWS_CHN_03,Adyar,13.0012,80.2565,28.05,85.27,1008.49,8.45,0.0,NORMAL,None
2026-09-04 09:00:00,AWS_CHN_01,Guindy,13.0067,80.2021,30.09,77.74,1008.23,8.9,0.0,NORMAL,None
2026-09-04 09:00:00,AWS_CHN_02,Tambaram,12.9249,80.1,29.83,79.29,1008.05,9.12,0.0,NORMAL,None
2026-09-04 09:00:00,AWS_CHN_03,Adyar,13.0012,80.2565,30.14,78.48,1008.15,9.37,0.0,NORMAL,None
2026-09-04 10:00:00,AWS_CHN_01,Guindy,13.0067,80.2021,31.64,71.91,1008.04,9.29,0.0,NORMAL,None
2026-09-04 10:00:00,AWS_CHN_02,Tambaram,12.9249,80.1,31.37,74.82,1007.9,9.49,0.0,NORMAL,None
2026-09-04 10:00:00,AWS_CHN_03,Adyar,13.0012,80.2565,31.57,72.07,1007.91,9.3,0.0,NORMAL,None
2026-09-04 11:00:00,AWS_CHN_01,Guindy,13.0067,80.2021,32.02,67.67,1008.64,11.54,0.0,NORMAL,None
2026-09-04 11:00:00,AWS_CHN_02,Tambaram,12.9249,80.1,31.44,69.27,1008.39,11.7,0.0,NORMAL,None
2026-09-04 11:00:00,AWS_CHN_03,Adyar,13.0012,80.2565,31.79,67.92,1008.57,12.0,0.0,NORMAL,None
2026-09-04 12:00:00,AWS_CHN_01,Guindy,13.0067,80.2021,33.6,60.75,1007.48,11.93,0.0,NORMAL,None
2026-09-04 12:00:00,AWS_CHN_02,Tambaram,12.9249,80.1,33.48,63.74,1007.34,11.69,0.0,NORMAL,None
2026-09-04 12:00:00,AWS_CHN_03,Adyar,13.0012,80.2565,33.47,62.06,1007.35,12.52,0.0,NORMAL,None
2026-09-04 13:00:00,AWS_CHN_01,Guindy,13.0067,80.2021,34.33,60.35,1008.72,12.06,0.0,NORMAL,None
2026-09-04 13:00:00,AWS_CHN_02,Tambaram,12.9249,80.1,33.5,62.49,1008.5,12.86,0.0,NORMAL,None
2026-09-04 13:00:00,AWS_CHN_03,Adyar,13.0012,80.2565,33.52,60.62,1008.77,12.28,0.0,NORMAL,None
2026-09-04 14:00:00,AWS_CHN_01,Guindy,13.0067,80.2021,34.17,59.8,1009.13,14.2,0.0,NORMAL,None
2026-09-04 14:00:00,AWS_CHN_02,Tambaram,12.9249,80.1,33.68,62.69,1008.85,14.85,0.0,NORMAL,None
2026-09-04 14:00:00,AWS_CHN_03,Adyar,13.0012,80.2565,33.74,60.66,850.0,14.17,0.0,SENSOR_FAULT,Barometric Sensor Single-Point Noise Spike
2026-09-04 15:00:00,AWS_CHN_01,Guindy,13.0067,80.2021,34.63,59.5,1009.59,13.76,0.0,NORMAL,None
2026-09-04 15:00:00,AWS_CHN_02,Tambaram,12.9249,80.1,34.19,62.76,1009.39,14.17,0.0,NORMAL,None
2026-09-04 15:00:00,AWS_CHN_03,Adyar,13.0012,80.2565,34.8,60.61,1009.23,14.41,0.0,NORMAL,None
2026-09-04 16:00:00,AWS_CHN_01,Guindy,13.0067,80.2021,33.46,63.18,1010.43,14.56,0.0,NORMAL,None
2026-09-04 16:00:00,AWS_CHN_02,Tambaram,12.9249,80.1,32.88,64.73,1010.45,14.43,0.0,NORMAL,None
2026-09-04 16:00:00,AWS_CHN_03,Adyar,13.0012,80.2565,33.17,63.63,1010.36,14.03,0.0,NORMAL,None
2026-09-04 17:00:00,AWS_CHN_01,Guindy,13.0067,80.2021,32.08,64.22,1011.27,13.56,0.0,NORMAL,None
2026-09-04 17:00:00,AWS_CHN_02,Tambaram,12.9249,80.1,31.8,66.56,1011.02,13.4,0.0,NORMAL,None
2026-09-04 17:00:00,AWS_CHN_03,Adyar,13.0012,80.2565,31.77,66.16,1011.18,13.53,0.0,NORMAL,None
2026-09-04 18:00:00,AWS_CHN_01,Guindy,13.0067,80.2021,31.65,72.35,1011.1,12.99,0.0,NORMAL,None
2026-09-04 18:00:00,AWS_CHN_02,Tambaram,12.9249,80.1,31.31,75.18,1010.99,13.33,0.0,NORMAL,None
2026-09-04 18:00:00,AWS_CHN_03,Adyar,13.0012,80.2565,31.31,74.97,1011.11,12.29,0.0,NORMAL,None
2026-09-04 19:00:00,AWS_CHN_01,Guindy,13.0067,80.2021,30.13,77.3,1011.88,12.91,0.0,NORMAL,None
2026-09-04 19:00:00,AWS_CHN_02,Tambaram,12.9249,80.1,29.54,80.7,1011.87,13.28,0.0,NORMAL,None
2026-09-04 19:00:00,AWS_CHN_03,Adyar,13.0012,80.2565,29.62,79.13,1011.92,12.98,0.0,NORMAL,None
2026-09-04 20:00:00,AWS_CHN_01,Guindy,13.0067,80.2021,28.22,84.22,1011.51,12.19,0.0,NORMAL,None
2026-09-04 20:00:00,AWS_CHN_02,Tambaram,12.9249,80.1,27.89,86.33,1011.57,12.2,0.0,NORMAL,None
2026-09-04 20:00:00,AWS_CHN_03,Adyar,13.0012,80.2565,27.99,85.48,1011.35,11.8,0.0,NORMAL,None
2026-09-04 21:00:00,AWS_CHN_01,Guindy,13.0067,80.2021,26.02,91.83,1012.02,12.92,0.0,NORMAL,None
2026-09-04 21:00:00,AWS_CHN_02,Tambaram,12.9249,80.1,26.05,94.84,1011.77,12.49,0.0,NORMAL,None
2026-09-04 21:00:00,AWS_CHN_03,Adyar,13.0012,80.2565,25.99,92.46,1011.68,12.31,0.0,NORMAL,None
2026-09-04 22:00:00,AWS_CHN_01,Guindy,13.0067,80.2021,25.25,96.79,1012.19,10.42,0.0,NORMAL,None
2026-09-04 22:00:00,AWS_CHN_02,Tambaram,12.9249,80.1,24.59,97.61,1012.1,10.44,0.0,NORMAL,None
2026-09-04 22:00:00,AWS_CHN_03,Adyar,13.0012,80.2565,25.23,97.36,1012.11,11.03,0.0,NORMAL,None
2026-09-04 23:00:00,AWS_CHN_01,Guindy,13.0067,80.2021,24.47,100.0,1012.15,8.95,0.0,NORMAL,None
2026-09-04 23:00:00,AWS_CHN_02,Tambaram,12.9249,80.1,23.95,100.0,1011.78,7.95,0.0,NORMAL,None
2026-09-04 23:00:00,AWS_CHN_03,Adyar,13.0012,80.2565,24.31,100.0,1011.82,8.01,0.0,NORMAL,None
2026-09-05 00:00:00,AWS_CHN_01,Guindy,13.0067,80.2021,23.3,100.0,1011.65,6.43,0.0,NORMAL,None
2026-09-05 00:00:00,AWS_CHN_02,Tambaram,12.9249,80.1,22.69,100.0,1011.18,6.65,0.0,NORMAL,None
2026-09-05 00:00:00,AWS_CHN_03,Adyar,13.0012,80.2565,23.16,100.0,1011.37,6.5,0.0,NORMAL,None
2026-09-05 01:00:00,AWS_CHN_01,Guindy,13.0067,80.2021,22.34,100.0,1011.6,7.27,0.0,NORMAL,None
2026-09-05 01:00:00,AWS_CHN_02,Tambaram,12.9249,80.1,21.65,100.0,1011.0,7.62,0.0,NORMAL,None
2026-09-05 01:00:00,AWS_CHN_03,Adyar,13.0012,80.2565,22.0,100.0,1011.35,7.51,0.0,NORMAL,None
2026-09-05 02:00:00,AWS_CHN_01,Guindy,13.0067,80.2021,21.73,100.0,1011.38,5.9,0.0,NORMAL,None
2026-09-05 02:00:00,AWS_CHN_02,Tambaram,12.9249,80.1,20.85,100.0,1011.06,5.67,0.0,NORMAL,None
2026-09-05 02:00:00,AWS_CHN_03,Adyar,13.0012,80.2565,21.42,100.0,1011.14,5.93,0.0,NORMAL,None
2026-09-05 03:00:00,AWS_CHN_01,Guindy,13.0067,80.2021,22.51,100.0,1010.56,5.08,0.0,NORMAL,None
2026-09-05 03:00:00,AWS_CHN_02,Tambaram,12.9249,80.1,22.26,100.0,1010.23,5.65,0.0,NORMAL,None
2026-09-05 03:00:00,AWS_CHN_03,Adyar,13.0012,80.2565,22.5,100.0,1010.57,5.73,0.0,NORMAL,None
2026-09-05 04:00:00,AWS_CHN_01,Guindy,13.0067,80.2021,22.93,100.0,1009.92,6.09,0.0,NORMAL,None
2026-09-05 04:00:00,AWS_CHN_02,Tambaram,12.9249,80.1,22.6,100.0,1009.68,5.13,0.0,NORMAL,None
2026-09-05 04:00:00,AWS_CHN_03,Adyar,13.0012,80.2565,22.91,100.0,1009.79,6.56,0.0,NORMAL,None
2026-09-05 05:00:00,AWS_CHN_01,Guindy,13.0067,80.2021,24.2,100.0,1009.55,6.51,0.0,NORMAL,None
2026-09-05 05:00:00,AWS_CHN_02,Tambaram,12.9249,80.1,24.05,100.0,1009.21,7.09,0.0,NORMAL,None
2026-09-05 05:00:00,AWS_CHN_03,Adyar,13.0012,80.2565,23.89,100.0,1009.4,6.46,0.0,NORMAL,None
2026-09-05 06:00:00,AWS_CHN_01,Guindy,13.0067,80.2021,24.85,97.74,1009.21,6.01,0.0,NORMAL,None
2026-09-05 06:00:00,AWS_CHN_02,Tambaram,12.9249,80.1,24.55,100.0,1008.79,6.47,0.0,NORMAL,None
2026-09-05 06:00:00,AWS_CHN_03,Adyar,13.0012,80.2565,24.53,98.74,1008.88,6.63,0.0,NORMAL,None
2026-09-05 07:00:00,AWS_CHN_01,Guindy,13.0067,80.2021,27.26,92.88,1008.89,7.25,0.0,NORMAL,None
2026-09-05 07:00:00,AWS_CHN_02,Tambaram,12.9249,80.1,26.76,96.22,1008.56,7.68,0.0,NORMAL,None
2026-09-05 07:00:00,AWS_CHN_03,Adyar,13.0012,80.2565,27.19,94.0,1008.55,7.15,0.0,NORMAL,None
2026-09-05 08:00:00,AWS_CHN_01,Guindy,13.0067,80.2021,28.99,84.25,1008.04,7.64,0.0,NORMAL,None
2026-09-05 08:00:00,AWS_CHN_02,Tambaram,12.9249,80.1,28.24,86.02,1008.03,7.65,0.0,NORMAL,None
2026-09-05 08:00:00,AWS_CHN_03,Adyar,13.0012,80.2565,28.76,85.74,1008.07,7.62,0.0,NORMAL,None
2026-09-05 09:00:00,AWS_CHN_01,Guindy,13.0067,80.2021,29.78,78.1,1007.85,9.19,0.0,NORMAL,None
2026-09-05 09:00:00,AWS_CHN_02,Tambaram,12.9249,80.1,29.57,79.88,1007.76,8.98,0.0,NORMAL,None
2026-09-05 09:00:00,AWS_CHN_03,Adyar,13.0012,80.2565,29.89,77.83,1007.81,9.71,0.0,NORMAL,None
2026-09-05 10:00:00,AWS_CHN_01,Guindy,13.0067,80.2021,30.97,71.07,1008.32,10.42,0.0,NORMAL,None
2026-09-05 10:00:00,AWS_CHN_02,Tambaram,12.9249,80.1,30.48,73.2,1008.12,10.66,0.0,NORMAL,None
2026-09-05 10:00:00,AWS_CHN_03,Adyar,13.0012,80.2565,30.57,71.33,1008.26,10.05,0.0,NORMAL,None
2026-09-05 11:00:00,AWS_CHN_01,Guindy,13.0067,80.2021,31.74,67.27,1008.08,10.86,0.0,NORMAL,None
2026-09-05 11:00:00,AWS_CHN_02,Tambaram,12.9249,80.1,31.28,69.54,1007.88,11.17,0.0,NORMAL,None
2026-09-05 11:00:00,AWS_CHN_03,Adyar,13.0012,80.2565,31.19,68.71,1007.85,11.23,0.0,NORMAL,None
2026-09-05 12:00:00,AWS_CHN_01,Guindy,13.0067,80.2021,33.64,64.04,1008.38,11.34,0.0,NORMAL,None
2026-09-05 12:00:00,AWS_CHN_02,Tambaram,12.9249,80.1,32.93,66.15,1008.2,12.34,0.0,NORMAL,None
2026-09-05 12:00:00,AWS_CHN_03,Adyar,13.0012,80.2565,33.32,65.1,1008.21,12.17,0.0,NORMAL,None
2026-09-05 13:00:00,AWS_CHN_01,Guindy,13.0067,80.2021,33.76,60.59,1008.71,13.28,0.0,NORMAL,None
2026-09-05 13:00:00,AWS_CHN_02,Tambaram,12.9249,80.1,33.09,61.67,1008.83,13.49,0.0,NORMAL,None
2026-09-05 13:00:00,AWS_CHN_03,Adyar,13.0012,80.2565,33.4,61.57,1009.04,13.47,0.0,NORMAL,None
2026-09-05 14:00:00,AWS_CHN_01,Guindy,13.0067,80.2021,34.91,59.32,1009.34,12.61,0.0,NORMAL,None
2026-09-05 14:00:00,AWS_CHN_02,Tambaram,12.9249,80.1,34.48,62.52,1008.93,13.17,0.0,NORMAL,None
2026-09-05 14:00:00,AWS_CHN_03,Adyar,13.0012,80.2565,34.53,60.84,1008.95,12.27,0.0,NORMAL,None
2026-09-05 15:00:00,AWS_CHN_01,Guindy,13.0067,80.2021,26.09,84.04,1003.24,38.0,31.05,GENUINE_EXTREME,Severe Thunderstorm (Multi-station consistent)
2026-09-05 15:00:00,AWS_CHN_02,Tambaram,12.9249,80.1,25.72,88.58,1003.11,38.73,21.9,GENUINE_EXTREME,Severe Thunderstorm (Multi-station consistent)
2026-09-05 15:00:00,AWS_CHN_03,Adyar,13.0012,80.2565,26.06,85.07,1003.18,36.92,33.15,GENUINE_EXTREME,Severe Thunderstorm (Multi-station consistent)
2026-09-05 16:00:00,AWS_CHN_01,Guindy,13.0067,80.2021,26.08,87.47,1004.13,38.52,23.38,GENUINE_EXTREME,Severe Thunderstorm (Multi-station consistent)
2026-09-05 16:00:00,AWS_CHN_02,Tambaram,12.9249,80.1,25.83,91.64,1003.93,39.94,26.87,GENUINE_EXTREME,Severe Thunderstorm (Multi-station consistent)
2026-09-05 16:00:00,AWS_CHN_03,Adyar,13.0012,80.2565,26.07,89.89,1003.97,38.27,24.72,GENUINE_EXTREME,Severe Thunderstorm (Multi-station consistent)
2026-09-05 17:00:00,AWS_CHN_01,Guindy,13.0067,80.2021,24.89,91.87,1004.52,39.4,21.13,GENUINE_EXTREME,Severe Thunderstorm (Multi-station consistent)
2026-09-05 17:00:00,AWS_CHN_02,Tambaram,12.9249,80.1,23.72,94.28,1004.15,39.67,27.02,GENUINE_EXTREME,Severe Thunderstorm (Multi-station consistent)
2026-09-05 17:00:00,AWS_CHN_03,Adyar,13.0012,80.2565,24.4,92.87,1004.4,39.01,18.09,GENUINE_EXTREME,Severe Thunderstorm (Multi-station consistent)
2026-09-05 18:00:00,AWS_CHN_01,Guindy,13.0067,80.2021,23.3,96.62,1005.17,38.26,17.81,GENUINE_EXTREME,Severe Thunderstorm (Multi-station consistent)
2026-09-05 18:00:00,AWS_CHN_02,Tambaram,12.9249,80.1,23.1,98.78,1004.51,38.7,18.2,GENUINE_EXTREME,Severe Thunderstorm (Multi-station consistent)
2026-09-05 18:00:00,AWS_CHN_03,Adyar,13.0012,80.2565,23.23,97.61,1004.26,37.65,21.81,GENUINE_EXTREME,Severe Thunderstorm (Multi-station consistent)
2026-09-05 19:00:00,AWS_CHN_01,Guindy,13.0067,80.2021,29.5,77.92,1011.85,13.78,0.0,NORMAL,None
2026-09-05 19:00:00,AWS_CHN_02,Tambaram,12.9249,80.1,28.72,79.86,1011.82,13.8,0.0,NORMAL,None
2026-09-05 19:00:00,AWS_CHN_03,Adyar,13.0012,80.2565,28.68,79.05,1011.83,14.02,0.0,NORMAL,None
2026-09-05 20:00:00,AWS_CHN_01,Guindy,13.0067,80.2021,29.35,84.06,1010.95,12.01,0.0,NORMAL,None
2026-09-05 20:00:00,AWS_CHN_02,Tambaram,12.9249,80.1,28.54,85.53,1011.14,11.41,0.0,NORMAL,None
2026-09-05 20:00:00,AWS_CHN_03,Adyar,13.0012,80.2565,28.88,84.31,1011.08,11.89,0.0,NORMAL,None
2026-09-05 21:00:00,AWS_CHN_01,Guindy,13.0067,80.2021,26.99,89.89,1012.15,10.85,0.0,NORMAL,None
2026-09-05 21:00:00,AWS_CHN_02,Tambaram,12.9249,80.1,26.6,92.55,1011.74,11.24,0.0,NORMAL,None
2026-09-05 21:00:00,AWS_CHN_03,Adyar,13.0012,80.2565,26.39,90.75,1011.95,11.28,0.0,NORMAL,None
2026-09-05 22:00:00,AWS_CHN_01,Guindy,13.0067,80.2021,24.43,99.78,1012.47,10.31,0.0,NORMAL,None
2026-09-05 22:00:00,AWS_CHN_02,Tambaram,12.9249,80.1,24.06,100.0,1012.2,10.07,0.0,NORMAL,None
2026-09-05 22:00:00,AWS_CHN_03,Adyar,13.0012,80.2565,24.11,100.0,1012.38,9.23,0.0,NORMAL,None
2026-09-05 23:00:00,AWS_CHN_01,Guindy,13.0067,80.2021,24.54,100.0,1011.95,8.89,0.0,NORMAL,None
2026-09-05 23:00:00,AWS_CHN_02,Tambaram,12.9249,80.1,23.63,100.0,1011.76,9.03,0.0,NORMAL,None
2026-09-05 23:00:00,AWS_CHN_03,Adyar,13.0012,80.2565,24.21,100.0,1012.0,8.93,0.0,NORMAL,None
2026-09-06 00:00:00,AWS_CHN_01,Guindy,13.0067,80.2021,23.09,100.0,1012.11,8.7,0.0,NORMAL,None
2026-09-06 00:00:00,AWS_CHN_02,Tambaram,12.9249,80.1,22.34,100.0,1011.86,8.15,0.0,NORMAL,None
2026-09-06 00:00:00,AWS_CHN_03,Adyar,13.0012,80.2565,22.41,100.0,1011.89,8.28,0.0,NORMAL,None
2026-09-06 01:00:00,AWS_CHN_01,Guindy,13.0067,80.2021,21.88,100.0,1011.35,6.53,0.0,NORMAL,None
2026-09-06 01:00:00,AWS_CHN_02,Tambaram,12.9249,80.1,21.09,100.0,1011.4,6.7,0.0,NORMAL,None
2026-09-06 01:00:00,AWS_CHN_03,Adyar,13.0012,80.2565,21.39,100.0,1011.48,6.39,0.0,NORMAL,None
2026-09-06 02:00:00,AWS_CHN_01,Guindy,13.0067,80.2021,21.72,100.0,1011.69,6.25,0.0,NORMAL,None
2026-09-06 02:00:00,AWS_CHN_02,Tambaram,12.9249,80.1,21.87,100.0,1011.39,5.59,0.0,NORMAL,None
2026-09-06 02:00:00,AWS_CHN_03,Adyar,13.0012,80.2565,22.12,100.0,1011.51,6.71,0.0,NORMAL,None
2026-09-06 03:00:00,AWS_CHN_01,Guindy,13.0067,80.2021,22.52,100.0,1010.56,5.3,0.0,NORMAL,None
2026-09-06 03:00:00,AWS_CHN_02,Tambaram,12.9249,80.1,22.0,100.0,1010.41,5.25,0.0,NORMAL,None
2026-09-06 03:00:00,AWS_CHN_03,Adyar,13.0012,80.2565,22.3,100.0,1010.59,4.99,0.0,NORMAL,None
2026-09-06 04:00:00,AWS_CHN_01,Guindy,13.0067,80.2021,22.75,100.0,1009.72,5.65,0.0,NORMAL,None
2026-09-06 04:00:00,AWS_CHN_02,Tambaram,12.9249,80.1,22.51,100.0,1009.54,5.56,0.0,NORMAL,None
2026-09-06 04:00:00,AWS_CHN_03,Adyar,13.0012,80.2565,22.59,100.0,1009.35,5.55,0.0,NORMAL,None
2026-09-06 05:00:00,AWS_CHN_01,Guindy,13.0067,80.2021,24.64,100.0,1009.81,6.66,0.0,NORMAL,None
2026-09-06 05:00:00,AWS_CHN_02,Tambaram,12.9249,80.1,24.25,100.0,1009.66,6.62,0.0,NORMAL,None
2026-09-06 05:00:00,AWS_CHN_03,Adyar,13.0012,80.2565,24.33,100.0,1009.63,6.07,0.0,NORMAL,None
2026-09-06 06:00:00,AWS_CHN_01,Guindy,13.0067,80.2021,24.99,96.01,1008.98,6.55,0.0,NORMAL,None
2026-09-06 06:00:00,AWS_CHN_02,Tambaram,12.9249,80.1,24.7,97.21,1008.85,6.44,0.0,NORMAL,None
2026-09-06 06:00:00,AWS_CHN_03,Adyar,13.0012,80.2565,24.91,95.74,1008.69,6.71,0.0,NORMAL,None
2026-09-06 07:00:00,AWS_CHN_01,Guindy,13.0067,80.2021,26.66,90.39,1008.33,7.93,0.0,NORMAL,None
2026-09-06 07:00:00,AWS_CHN_02,Tambaram,12.9249,80.1,26.33,92.37,1008.17,7.69,0.0,NORMAL,None
2026-09-06 07:00:00,AWS_CHN_03,Adyar,13.0012,80.2565,26.61,90.07,1008.4,7.58,0.0,NORMAL,None
2026-09-06 08:00:00,AWS_CHN_01,Guindy,13.0067,80.2021,28.69,83.4,1007.6,7.83,0.0,NORMAL,None
2026-09-06 08:00:00,AWS_CHN_02,Tambaram,12.9249,80.1,27.71,85.78,1007.28,8.24,0.0,NORMAL,None
2026-09-06 08:00:00,AWS_CHN_03,Adyar,13.0012,80.2565,28.05,84.36,1007.54,7.91,0.0,NORMAL,None
2026-09-06 09:00:00,AWS_CHN_01,Guindy,13.0067,80.2021,30.14,78.9,1007.94,8.24,0.0,NORMAL,None
2026-09-06 09:00:00,AWS_CHN_02,Tambaram,12.9249,80.1,29.66,80.65,1007.88,8.75,0.0,NORMAL,None
2026-09-06 09:00:00,AWS_CHN_03,Adyar,13.0012,80.2565,29.78,79.87,1007.8,8.43,0.0,NORMAL,None
2026-09-06 10:00:00,AWS_CHN_01,Guindy,13.0067,80.2021,31.26,69.97,1007.92,10.65,0.0,NORMAL,None
2026-09-06 10:00:00,AWS_CHN_02,Tambaram,12.9249,80.1,30.68,72.2,1007.98,11.0,0.0,NORMAL,None
2026-09-06 10:00:00,AWS_CHN_03,Adyar,13.0012,80.2565,30.74,70.98,1008.0,11.17,0.0,NORMAL,None
2026-09-06 11:00:00,AWS_CHN_01,Guindy,13.0067,80.2021,33.13,65.54,1008.02,10.38,0.0,NORMAL,None
2026-09-06 11:00:00,AWS_CHN_02,Tambaram,12.9249,80.1,32.61,67.88,1007.64,11.03,0.0,NORMAL,None
2026-09-06 11:00:00,AWS_CHN_03,Adyar,13.0012,80.2565,32.55,66.4,1008.03,10.41,0.0,NORMAL,None
2026-09-06 12:00:00,AWS_CHN_01,Guindy,13.0067,80.2021,32.98,62.76,1008.17,12.61,0.0,NORMAL,None
2026-09-06 12:00:00,AWS_CHN_02,Tambaram,12.9249,80.1,32.83,64.79,1007.95,12.83,0.0,NORMAL,None
2026-09-06 12:00:00,AWS_CHN_03,Adyar,13.0012,80.2565,33.52,62.31,1008.23,12.49,0.0,NORMAL,None
2026-09-06 13:00:00,AWS_CHN_01,Guindy,13.0067,80.2021,34.63,59.78,1008.57,12.68,0.0,NORMAL,None
2026-09-06 13:00:00,AWS_CHN_02,Tambaram,12.9249,80.1,33.57,62.61,1008.44,13.18,0.0,NORMAL,None
2026-09-06 13:00:00,AWS_CHN_03,Adyar,13.0012,80.2565,33.9,60.87,1008.27,13.25,0.0,NORMAL,None
2026-09-06 14:00:00,AWS_CHN_01,Guindy,13.0067,80.2021,34.57,58.51,1009.17,13.52,0.0,NORMAL,None
2026-09-06 14:00:00,AWS_CHN_02,Tambaram,12.9249,80.1,34.08,60.72,1008.83,13.54,0.0,NORMAL,None
2026-09-06 14:00:00,AWS_CHN_03,Adyar,13.0012,80.2565,34.22,60.21,1009.0,13.42,0.0,NORMAL,None
2026-09-06 15:00:00,AWS_CHN_01,Guindy,13.0067,80.2021,32.95,61.31,1009.26,14.48,0.0,NORMAL,None
2026-09-06 15:00:00,AWS_CHN_02,Tambaram,12.9249,80.1,32.85,62.88,1009.14,14.46,0.0,NORMAL,None
2026-09-06 15:00:00,AWS_CHN_03,Adyar,13.0012,80.2565,33.07,62.15,1009.47,13.79,0.0,NORMAL,None
2026-09-06 16:00:00,AWS_CHN_01,Guindy,13.0067,80.2021,34.11,62.91,1009.82,13.79,0.0,NORMAL,None
2026-09-06 16:00:00,AWS_CHN_02,Tambaram,12.9249,80.1,33.35,64.95,1009.51,13.44,0.0,NORMAL,None
2026-09-06 16:00:00,AWS_CHN_03,Adyar,13.0012,80.2565,34.02,63.24,1009.47,13.39,0.0,NORMAL,None
2026-09-06 17:00:00,AWS_CHN_01,Guindy,13.0067,80.2021,32.85,67.32,1010.81,13.42,0.0,NORMAL,None
2026-09-06 17:00:00,AWS_CHN_02,Tambaram,12.9249,80.1,32.12,69.19,1010.82,13.18,0.0,NORMAL,None
2026-09-06 17:00:00,AWS_CHN_03,Adyar,13.0012,80.2565,32.28,67.74,1010.78,13.0,0.0,NORMAL,None
2026-09-06 18:00:00,AWS_CHN_01,Guindy,13.0067,80.2021,31.23,70.01,1011.42,13.4,0.0,NORMAL,None
2026-09-06 18:00:00,AWS_CHN_02,Tambaram,12.9249,80.1,30.98,73.08,1011.18,13.62,0.0,NORMAL,None
2026-09-06 18:00:00,AWS_CHN_03,Adyar,13.0012,80.2565,31.15,72.06,1011.37,13.99,0.0,NORMAL,None
2026-09-06 19:00:00,AWS_CHN_01,Guindy,13.0067,80.2021,29.97,77.42,1011.33,12.64,0.0,NORMAL,None
2026-09-06 19:00:00,AWS_CHN_02,Tambaram,12.9249,80.1,29.6,78.72,1011.03,13.16,0.0,NORMAL,None
2026-09-06 19:00:00,AWS_CHN_03,Adyar,13.0012,80.2565,29.99,79.28,1011.23,13.03,0.0,NORMAL,None
2026-09-06 20:00:00,AWS_CHN_01,Guindy,13.0067,80.2021,28.56,85.14,1011.8,13.02,0.0,NORMAL,None
2026-09-06 20:00:00,AWS_CHN_02,Tambaram,12.9249,80.1,28.18,87.08,1011.48,12.57,0.0,NORMAL,None
2026-09-06 20:00:00,AWS_CHN_03,Adyar,13.0012,80.2565,28.3,86.28,1011.68,13.4,0.0,NORMAL,None
2026-09-06 21:00:00,AWS_CHN_01,Guindy,13.0067,80.2021,26.88,91.56,1011.67,10.82,0.0,NORMAL,None
2026-09-06 21:00:00,AWS_CHN_02,Tambaram,12.9249,80.1,25.94,93.46,1011.59,11.01,0.0,NORMAL,None
2026-09-06 21:00:00,AWS_CHN_03,Adyar,13.0012,80.2565,26.54,92.16,1011.61,10.64,0.0,NORMAL,None
2026-09-06 22:00:00,AWS_CHN_01,Guindy,13.0067,80.2021,25.15,97.47,1012.2,9.48,0.0,NORMAL,None
2026-09-06 22:00:00,AWS_CHN_02,Tambaram,12.9249,80.1,25.22,99.22,1012.15,9.92,0.0,NORMAL,None
2026-09-06 22:00:00,AWS_CHN_03,Adyar,13.0012,80.2565,25.42,97.24,1012.27,9.82,0.0,NORMAL,None
2026-09-06 23:00:00,AWS_CHN_01,Guindy,13.0067,80.2021,23.7,100.0,1011.35,9.5,0.0,NORMAL,None
2026-09-06 23:00:00,AWS_CHN_02,Tambaram,12.9249,80.1,23.28,100.0,1011.25,8.66,0.0,NORMAL,None
2026-09-06 23:00:00,AWS_CHN_03,Adyar,13.0012,80.2565,23.39,100.0,1011.38,9.0,0.0,NORMAL,None
2026-09-07 00:00:00,AWS_CHN_01,Guindy,13.0067,80.2021,23.1,100.0,1012.13,8.8,0.0,NORMAL,None
2026-09-07 00:00:00,AWS_CHN_02,Tambaram,12.9249,80.1,22.48,100.0,1012.0,8.71,0.0,NORMAL,None
2026-09-07 00:00:00,AWS_CHN_03,Adyar,13.0012,80.2565,22.87,100.0,1012.04,8.45,0.0,NORMAL,None
2026-09-07 01:00:00,AWS_CHN_01,Guindy,13.0067,80.2021,22.56,100.0,1010.95,6.27,0.0,NORMAL,None
2026-09-07 01:00:00,AWS_CHN_02,Tambaram,12.9249,80.1,22.18,100.0,1010.78,6.73,0.0,NORMAL,None
2026-09-07 01:00:00,AWS_CHN_03,Adyar,13.0012,80.2565,22.42,100.0,1010.81,6.63,0.0,NORMAL,None
2026-09-07 02:00:00,AWS_CHN_01,Guindy,13.0067,80.2021,23.13,100.0,1010.79,7.41,0.0,NORMAL,None
2026-09-07 02:00:00,AWS_CHN_02,Tambaram,12.9249,80.1,22.24,100.0,1010.61,7.03,0.0,NORMAL,None
2026-09-07 02:00:00,AWS_CHN_03,Adyar,13.0012,80.2565,22.78,100.0,1010.65,6.55,0.0,NORMAL,None
2026-09-07 03:00:00,AWS_CHN_01,Guindy,13.0067,80.2021,22.62,100.0,1010.61,6.1,0.0,NORMAL,None
2026-09-07 03:00:00,AWS_CHN_02,Tambaram,12.9249,80.1,22.65,100.0,1010.41,5.81,0.0,NORMAL,None
2026-09-07 03:00:00,AWS_CHN_03,Adyar,13.0012,80.2565,22.62,100.0,1010.47,6.0,0.0,NORMAL,None
2026-09-07 04:00:00,AWS_CHN_01,Guindy,13.0067,80.2021,23.4,100.0,1009.84,5.4,0.0,NORMAL,None
2026-09-07 04:00:00,AWS_CHN_02,Tambaram,12.9249,80.1,22.45,100.0,1009.8,5.13,0.0,NORMAL,None
2026-09-07 04:00:00,AWS_CHN_03,Adyar,13.0012,80.2565,22.59,100.0,1009.78,4.95,0.0,NORMAL,None
2026-09-07 05:00:00,AWS_CHN_01,Guindy,13.0067,80.2021,23.91,100.0,1009.84,7.02,0.0,NORMAL,None
2026-09-07 05:00:00,AWS_CHN_02,Tambaram,12.9249,80.1,23.55,100.0,1009.64,6.51,0.0,NORMAL,None
2026-09-07 05:00:00,AWS_CHN_03,Adyar,13.0012,80.2565,23.9,100.0,1009.61,6.89,0.0,NORMAL,None
2026-09-07 06:00:00,AWS_CHN_01,Guindy,13.0067,80.2021,25.42,95.6,1009.45,7.93,0.0,NORMAL,None
2026-09-07 06:00:00,AWS_CHN_02,Tambaram,12.9249,80.1,25.03,99.52,1009.09,7.93,0.0,NORMAL,None
2026-09-07 06:00:00,AWS_CHN_03,Adyar,13.0012,80.2565,25.15,98.15,1009.52,7.49,0.0,NORMAL,None
2026-09-07 07:00:00,AWS_CHN_01,Guindy,13.0067,80.2021,26.53,90.37,1008.57,6.94,0.0,NORMAL,None
2026-09-07 07:00:00,AWS_CHN_02,Tambaram,12.9249,80.1,25.93,94.55,1008.24,7.39,0.0,NORMAL,None
2026-09-07 07:00:00,AWS_CHN_03,Adyar,13.0012,80.2565,26.17,92.19,1008.55,7.25,0.0,NORMAL,None
2026-09-07 08:00:00,AWS_CHN_01,Guindy,13.0067,80.2021,28.31,84.56,1008.56,8.07,0.0,NORMAL,None
2026-09-07 08:00:00,AWS_CHN_02,Tambaram,12.9249,80.1,27.76,86.81,1008.12,7.86,0.0,NORMAL,None
2026-09-07 08:00:00,AWS_CHN_03,Adyar,13.0012,80.2565,28.34,85.84,1008.16,7.79,0.0,NORMAL,None
2026-09-07 09:00:00,AWS_CHN_01,Guindy,13.0067,80.2021,29.92,76.8,1008.14,8.44,0.0,NORMAL,None
2026-09-07 09:00:00,AWS_CHN_02,Tambaram,12.9249,80.1,29.57,78.05,1007.94,8.72,0.0,NORMAL,None
2026-09-07 09:00:00,AWS_CHN_03,Adyar,13.0012,80.2565,30.0,75.74,1008.05,8.26,0.0,NORMAL,None
2026-09-07 10:00:00,AWS_CHN_01,Guindy,13.0067,80.2021,31.72,71.04,1007.85,9.87,0.0,NORMAL,None
2026-09-07 10:00:00,AWS_CHN_02,Tambaram,12.9249,80.1,30.88,72.45,1007.75,9.76,0.0,NORMAL,None
2026-09-07 10:00:00,AWS_CHN_03,Adyar,13.0012,80.2565,31.71,71.8,1007.74,9.68,0.0,NORMAL,None
2026-09-07 11:00:00,AWS_CHN_01,Guindy,13.0067,80.2021,33.33,68.61,1007.61,10.26,0.0,NORMAL,None
2026-09-07 11:00:00,AWS_CHN_02,Tambaram,12.9249,80.1,31.92,70.91,1007.53,10.37,0.0,NORMAL,None
2026-09-07 11:00:00,AWS_CHN_03,Adyar,13.0012,80.2565,32.45,69.45,1007.5,10.17,0.0,NORMAL,None
2026-09-07 12:00:00,AWS_CHN_01,Guindy,13.0067,80.2021,33.31,61.82,1008.07,11.89,0.0,NORMAL,None
2026-09-07 12:00:00,AWS_CHN_02,Tambaram,12.9249,80.1,32.58,64.42,1008.13,11.99,0.0,NORMAL,None
2026-09-07 12:00:00,AWS_CHN_03,Adyar,13.0012,80.2565,33.13,63.44,1008.0,12.85,0.0,NORMAL,None
2026-09-07 13:00:00,AWS_CHN_01,Guindy,13.0067,80.2021,34.46,59.93,1008.54,13.38,0.0,NORMAL,None
2026-09-07 13:00:00,AWS_CHN_02,Tambaram,12.9249,80.1,33.58,62.71,1008.59,13.3,0.0,NORMAL,None
2026-09-07 13:00:00,AWS_CHN_03,Adyar,13.0012,80.2565,33.94,61.27,1008.65,12.77,0.0,NORMAL,None
2026-09-07 14:00:00,AWS_CHN_01,Guindy,13.0067,80.2021,33.68,59.52,1009.4,12.86,0.0,NORMAL,None
2026-09-07 14:00:00,AWS_CHN_02,Tambaram,12.9249,80.1,33.43,61.62,1009.2,12.56,0.0,NORMAL,None
2026-09-07 14:00:00,AWS_CHN_03,Adyar,13.0012,80.2565,33.94,60.85,1009.43,12.88,0.0,NORMAL,None
2026-09-07 15:00:00,AWS_CHN_01,Guindy,13.0067,80.2021,33.87,59.89,1009.81,14.63,0.0,NORMAL,None
2026-09-07 15:00:00,AWS_CHN_02,Tambaram,12.9249,80.1,33.66,62.74,1009.57,14.62,0.0,NORMAL,None
2026-09-07 15:00:00,AWS_CHN_03,Adyar,13.0012,80.2565,33.8,60.41,1009.8,14.41,0.0,NORMAL,None
2026-09-07 16:00:00,AWS_CHN_01,Guindy,13.0067,80.2021,33.36,62.03,1010.36,14.55,0.0,NORMAL,None
2026-09-07 16:00:00,AWS_CHN_02,Tambaram,12.9249,80.1,32.86,64.84,1009.89,14.35,0.0,NORMAL,None
2026-09-07 16:00:00,AWS_CHN_03,Adyar,13.0012,80.2565,33.38,62.76,1010.0,14.04,0.0,NORMAL,None
2026-09-07 17:00:00,AWS_CHN_01,Guindy,13.0067,80.2021,32.11,65.99,1010.42,13.62,0.0,NORMAL,None
2026-09-07 17:00:00,AWS_CHN_02,Tambaram,12.9249,80.1,31.71,68.55,1010.24,13.42,0.0,NORMAL,None
2026-09-07 17:00:00,AWS_CHN_03,Adyar,13.0012,80.2565,31.59,66.98,1010.42,13.33,0.0,NORMAL,None
2026-09-07 18:00:00,AWS_CHN_01,Guindy,13.0067,80.2021,30.92,69.92,1011.36,12.62,0.0,NORMAL,None
2026-09-07 18:00:00,AWS_CHN_02,Tambaram,12.9249,80.1,30.44,73.42,1011.01,13.16,0.0,NORMAL,None
2026-09-07 18:00:00,AWS_CHN_03,Adyar,13.0012,80.2565,30.58,71.34,1011.08,12.4,0.0,NORMAL,None
2026-09-07 19:00:00,AWS_CHN_01,Guindy,13.0067,80.2021,30.13,75.81,1011.51,12.92,0.0,NORMAL,None
2026-09-07 19:00:00,AWS_CHN_02,Tambaram,12.9249,80.1,29.56,78.62,1011.39,12.24,0.0,NORMAL,None
2026-09-07 19:00:00,AWS_CHN_03,Adyar,13.0012,80.2565,29.84,77.27,1011.34,12.62,0.0,NORMAL,None
2026-09-07 20:00:00,AWS_CHN_01,Guindy,13.0067,80.2021,28.5,83.21,1011.99,13.11,0.0,NORMAL,None
2026-09-07 20:00:00,AWS_CHN_02,Tambaram,12.9249,80.1,27.86,86.91,1011.93,13.02,0.0,NORMAL,None
2026-09-07 20:00:00,AWS_CHN_03,Adyar,13.0012,80.2565,28.03,85.39,1011.85,12.72,0.0,NORMAL,None
2026-09-07 21:00:00,AWS_CHN_01,Guindy,13.0067,80.2021,26.71,91.33,1011.82,11.17,0.0,NORMAL,None
2026-09-07 21:00:00,AWS_CHN_02,Tambaram,12.9249,80.1,26.23,94.98,1011.53,11.84,0.0,NORMAL,None
2026-09-07 21:00:00,AWS_CHN_03,Adyar,13.0012,80.2565,26.7,92.78,1011.58,12.25,0.0,NORMAL,None
2026-09-07 22:00:00,AWS_CHN_01,Guindy,13.0067,80.2021,25.94,96.26,1012.53,11.18,0.0,NORMAL,None
2026-09-07 22:00:00,AWS_CHN_02,Tambaram,12.9249,80.1,25.7,98.56,1012.4,10.51,0.0,NORMAL,None
2026-09-07 22:00:00,AWS_CHN_03,Adyar,13.0012,80.2565,25.72,97.67,1012.46,10.93,0.0,NORMAL,None
2026-09-07 23:00:00,AWS_CHN_01,Guindy,13.0067,80.2021,23.72,100.0,1012.07,8.9,0.0,NORMAL,None
2026-09-07 23:00:00,AWS_CHN_02,Tambaram,12.9249,80.1,23.8,100.0,1012.02,9.72,0.0,NORMAL,None
2026-09-07 23:00:00,AWS_CHN_03,Adyar,13.0012,80.2565,23.83,100.0,1011.94,9.11,0.0,NORMAL,None
